County,FIPS_Code,featureId,agency_cd,site_no,site_tp_cd,lev_dt,lev_tm,lev_tz_cd,lev_va,sl_lev_va,sl_datum_cd,lev_status_cd,lev_agency_cd,lev_dt_acy_cd,lev_acy_cd,lev_src_cd,lev_meth_cd,lev_age_cd,Latitude,Longitude
San Bernardino County,71,San Bernardino,USGS,340046117020801,GW,2013-06-14,11:41,PDT,349.2,NULL,NULL,NULL,USGS,m,2,S,V,A,34.01291667,-117.0363917
San Bernardino County,71,San Bernardino,USGS,340046117020802,GW,2013-06-14,11:56,PDT,348.25,NULL,NULL,NULL,USGS,m,2,S,V,A,34.01291667,-117.0363917
San Bernardino County,71,San Bernardino,USGS,340046117020803,GW,2013-06-14,11:46,PDT,346.84,NULL,NULL,NULL,USGS,m,2,S,V,A,34.01291667,-117.0363917
San Bernardino County,71,San Bernardino,USGS,340046117020804,GW,2013-06-14,11:52,PDT,343.73,NULL,NULL,NULL,USGS,m,2,S,V,A,34.01291667,-117.0363917
San Bernardino County,71,San Bernardino,USGS,340130117054901,GW,2013-06-13,15:04,PDT,329.7,NULL,NULL,NULL,USGS,m,2,S,V,A,34.02497778,-117.0970917
San Bernardino County,71,San Bernardino,USGS,340130117054901,GW,2013-06-21,17:17,PDT,328.2,NULL,NULL,NULL,USGS,m,2,S,V,A,34.02497778,-117.0970917
San Bernardino County,71,San Bernardino,USGS,340130117054901,GW,2013-06-24,14:42,PDT,330.77,NULL,NULL,NULL,USGS,m,2,S,V,A,34.02497778,-117.0970917
San Bernardino County,71,San Bernardino,USGS,340130117054902,GW,2013-06-13,15:12,PDT,305.99,NULL,NULL,NULL,USGS,m,2,S,V,A,34.02497778,-117.0970917
San Bernardino County,71,San Bernardino,USGS,340130117054903,GW,2013-06-13,15:17,PDT,326.01,NULL,NULL,NULL,USGS,m,2,S,V,A,34.02497778,-117.0970917
San Bernardino County,71,San Bernardino,USGS,340130117054904,GW,2013-06-13,15:22,PDT,327.06,NULL,NULL,NULL,USGS,m,2,S,V,A,34.02497778,-117.0970917
San Bernardino County,71,San Bernardino,USGS,340130117054905,GW,2013-06-13,15:26,PDT,123.47,NULL,NULL,NULL,USGS,m,2,S,V,A,34.02497778,-117.0970917
San Bernardino County,71,San Bernardino,USGS,340136117033901,GW,2013-06-14,09:50,PDT,328.98,NULL,NULL,NULL,USGS,m,2,S,V,A,34.02676944,-117.0608778
San Bernardino County,71,San Bernardino,USGS,340136117033901,GW,2013-06-21,14:50,PDT,328.92,NULL,NULL,NULL,USGS,m,2,S,V,A,34.02676944,-117.0608778
San Bernardino County,71,San Bernardino,USGS,340136117033901,GW,2013-06-24,12:54,PDT,329.02,NULL,NULL,NULL,USGS,m,2,S,V,A,34.02676944,-117.0608778
San Bernardino County,71,San Bernardino,USGS,340136117033902,GW,2013-06-14,09:54,PDT,330.17,NULL,NULL,NULL,USGS,m,2,S,V,A,34.02676944,-117.0608778
San Bernardino County,71,San Bernardino,USGS,340136117033902,GW,2013-06-24,13:01,PDT,330.34,NULL,NULL,NULL,USGS,m,2,S,V,A,34.02676944,-117.0608778
San Bernardino County,71,San Bernardino,USGS,340136117033903,GW,2013-06-07,08:55,PDT,299.09,NULL,NULL,NULL,USGS,m,2,S,V,A,34.02676944,-117.0608778
San Bernardino County,71,San Bernardino,USGS,340136117033903,GW,2013-06-14,10:01,PDT,298.94,NULL,NULL,NULL,USGS,m,2,S,V,A,34.02676944,-117.0608778
San Bernardino County,71,San Bernardino,USGS,340136117033903,GW,2013-06-24,13:05,PDT,298.94,NULL,NULL,NULL,USGS,m,2,S,V,A,34.02676944,-117.0608778
San Bernardino County,71,San Bernardino,USGS,340136117033904,GW,2013-06-06,14:02,PDT,283.31,NULL,NULL,NULL,USGS,m,2,S,V,A,34.02676944,-117.0608778
San Bernardino County,71,San Bernardino,USGS,340136117033904,GW,2013-06-14,10:05,PDT,283.09,NULL,NULL,NULL,USGS,m,2,S,V,A,34.02676944,-117.0608778
San Bernardino County,71,San Bernardino,USGS,340136117033904,GW,2013-06-24,13:09,PDT,282.88,NULL,NULL,NULL,USGS,m,2,S,V,A,34.02676944,-117.0608778
San Bernardino County,71,San Bernardino,USGS,340136117033905,GW,2013-06-14,10:10,PDT,282.77,NULL,NULL,NULL,USGS,m,2,S,V,A,34.02676944,-117.0608778
San Bernardino County,71,San Bernardino,USGS,340136117033905,GW,2013-06-17,09:50,PDT,282.68,NULL,NULL,NULL,USGS,m,2,S,V,A,34.02676944,-117.0608778
San Bernardino County,71,San Bernardino,USGS,340136117033905,GW,2013-06-19,08:06,PDT,282.66,NULL,NULL,NULL,USGS,m,2,S,V,A,34.02676944,-117.0608778
San Bernardino County,71,San Bernardino,USGS,340136117033905,GW,2013-06-21,14:55,PDT,282.63,NULL,NULL,NULL,USGS,m,2,S,V,A,34.02676944,-117.0608778
San Bernardino County,71,San Bernardino,USGS,340136117033905,GW,2013-06-24,12:38,PDT,282.51,NULL,NULL,NULL,USGS,m,2,S,V,A,34.02676944,-117.0608778
San Bernardino County,71,San Bernardino,USGS,340248117020901,GW,2013-06-14,10:40,PDT,285.55,NULL,NULL,NULL,USGS,m,2,S,V,A,34.046825,-117.0358778
San Bernardino County,71,San Bernardino,USGS,340248117020902,GW,2013-06-14,10:48,PDT,266.18,NULL,NULL,NULL,USGS,m,2,S,V,A,34.046825,-117.0358778
San Bernardino County,71,San Bernardino,USGS,340248117020903,GW,2013-06-14,10:53,PDT,251.79,NULL,NULL,NULL,USGS,m,2,S,V,A,34.046825,-117.0358778
San Bernardino County,71,San Bernardino,USGS,340248117020903,GW,2013-06-20,13:28,PDT,251.77,NULL,NULL,NULL,USGS,m,2,S,V,A,34.046825,-117.0358778
San Bernardino County,71,San Bernardino,USGS,340248117020904,GW,2013-06-06,10:20,PDT,246.19,NULL,NULL,NULL,USGS,m,2,S,V,A,34.046825,-117.0358778
San Bernardino County,71,San Bernardino,USGS,340248117020904,GW,2013-06-14,10:57,PDT,245.82,NULL,NULL,NULL,USGS,m,2,S,V,A,34.046825,-117.0358778
San Bernardino County,71,San Bernardino,USGS,340248117020904,GW,2013-06-20,10:12,PDT,247.13,NULL,NULL,NULL,USGS,m,2,S,V,A,34.046825,-117.0358778
San Bernardino County,71,San Bernardino,USGS,340248117021061,GW,2013-06-06,13:10,PDT,262.84,NULL,NULL,NULL,USGS,m,2,S,S,A,34.04674405,-117.0370672
San Bernardino County,71,San Bernardino,USGS,340248117021061,GW,2013-06-13,12:48,PDT,242.72,NULL,NULL,NULL,USGS,m,2,S,V,A,34.04674405,-117.0370672
San Bernardino County,71,San Bernardino,USGS,340248117021061,GW,2013-06-20,09:30,PDT,242.7,NULL,NULL,NULL,USGS,m,2,S,V,A,34.04674405,-117.0370672
San Bernardino County,71,San Bernardino,USGS,340248117021061,GW,2013-06-27,13:30,PDT,243.42,NULL,NULL,NULL,USGS,m,2,S,V,A,34.04674405,-117.0370672
San Bernardino County,71,San Bernardino,USGS,340257117015301,GW,2013-06-05,14:18,PDT,236.9,NULL,NULL,NULL,USGS,m,2,S,V,A,34.04918007,-117.0322532
San Bernardino County,71,San Bernardino,USGS,340257117015301,GW,2013-06-21,08:20,PDT,235.25,NULL,NULL,NULL,USGS,m,2,S,V,A,34.04918007,-117.0322532
San Bernardino County,71,San Bernardino,USGS,340316117174101,GW,2013-06-11,09:36,PDT,141.12,NULL,NULL,NULL,USGS,m,2,S,C,A,34.05444444,-117.2947222
San Bernardino County,71,San Bernardino,USGS,340316117174102,GW,2013-06-11,09:41,PDT,97.28,NULL,NULL,NULL,USGS,m,2,S,C,A,34.05444444,-117.2947222
San Bernardino County,71,San Bernardino,USGS,340316117174103,GW,2013-06-11,09:48,PDT,87.3,NULL,NULL,NULL,USGS,m,2,S,C,A,34.05444444,-117.2947222
San Bernardino County,71,San Bernardino,USGS,340317117190401,GW,2013-06-03,13:31,PDT,88.81,NULL,NULL,NULL,USGS,m,2,S,V,A,34.054775,-117.3178333
San Bernardino County,71,San Bernardino,USGS,340317117190402,GW,2013-06-03,13:32,PDT,100.23,NULL,NULL,NULL,USGS,m,2,S,V,A,34.054775,-117.3178333
San Bernardino County,71,San Bernardino,USGS,340317117190403,GW,2013-06-03,13:34,PDT,103.96,NULL,NULL,NULL,USGS,m,2,S,V,A,34.054775,-117.3178333
San Bernardino County,71,San Bernardino,USGS,340317117190404,GW,2013-06-03,13:35,PDT,103.08,NULL,NULL,NULL,USGS,m,2,S,V,A,34.054775,-117.3178333
San Bernardino County,71,San Bernardino,USGS,340317117190405,GW,2013-06-03,13:36,PDT,NULL,NULL,NULL,D,USGS,m,NULL,S,V,A,34.054775,-117.3178333
San Bernardino County,71,San Bernardino,USGS,340321117153801,GW,2013-06-11,08:32,PDT,146.14,NULL,NULL,NULL,USGS,m,2,S,C,A,34.0558333,-117.2605556
San Bernardino County,71,San Bernardino,USGS,340321117153802,GW,2013-06-11,08:42,PDT,133.31,NULL,NULL,NULL,USGS,m,2,S,C,A,34.0558333,-117.2605556
San Bernardino County,71,San Bernardino,USGS,340321117153803,GW,2013-06-11,08:55,PDT,45.01,NULL,NULL,NULL,USGS,m,2,S,C,A,34.0558333,-117.2605556
San Bernardino County,71,San Bernardino,USGS,340326117185301,GW,2013-06-03,13:21,PDT,88.4,NULL,NULL,NULL,USGS,m,2,S,V,A,34.05746389,-117.31475
San Bernardino County,71,San Bernardino,USGS,340326117185302,GW,2013-06-03,13:22,PDT,88.1,NULL,NULL,NULL,USGS,m,2,S,V,A,34.05746389,-117.31475
San Bernardino County,71,San Bernardino,USGS,340326117185303,GW,2013-06-03,13:23,PDT,97.18,NULL,NULL,NULL,USGS,m,2,S,V,A,34.05746389,-117.31475
San Bernardino County,71,San Bernardino,USGS,340326117185304,GW,2013-06-03,13:24,PDT,107.7,NULL,NULL,NULL,USGS,m,2,S,V,A,34.05746389,-117.31475
San Bernardino County,71,San Bernardino,USGS,340326117185305,GW,2013-06-03,13:25,PDT,NULL,NULL,NULL,D,USGS,m,NULL,S,V,A,34.05746389,-117.31475
San Bernardino County,71,San Bernardino,USGS,340408117165301,GW,2013-06-03,12:34,PDT,121.93,NULL,NULL,NULL,USGS,m,2,S,V,A,34.06948056,-117.283911
San Bernardino County,71,San Bernardino,USGS,340408117165302,GW,2013-06-03,12:36,PDT,133.26,NULL,NULL,NULL,USGS,m,2,S,V,A,34.06948056,-117.283911
San Bernardino County,71,San Bernardino,USGS,340408117165303,GW,2013-06-03,12:38,PDT,117.51,NULL,NULL,NULL,USGS,m,2,S,V,A,34.06948056,-117.283911
San Bernardino County,71,San Bernardino,USGS,340408117165304,GW,2013-06-03,12:41,PDT,NULL,NULL,NULL,D,USGS,m,NULL,S,V,A,34.06948056,-117.283911
San Bernardino County,71,San Bernardino,USGS,340414117190201,GW,2013-06-03,12:56,PDT,125.85,NULL,NULL,NULL,USGS,m,2,S,V,A,34.07056835,-117.3180992
San Bernardino County,71,San Bernardino,USGS,340414117190202,GW,2013-06-03,13:00,PDT,131.48,NULL,NULL,NULL,USGS,m,2,S,V,A,34.07056835,-117.3180992
San Bernardino County,71,San Bernardino,USGS,340414117190203,GW,2013-06-03,13:01,PDT,127.67,NULL,NULL,NULL,USGS,m,2,S,V,A,34.07056835,-117.3180992
San Bernardino County,71,San Bernardino,USGS,340414117190204,GW,2013-06-03,13:04,PDT,122.95,NULL,NULL,NULL,USGS,m,2,S,V,A,34.07056835,-117.3180992
San Bernardino County,71,San Bernardino,USGS,340414117190205,GW,2013-06-03,13:05,PDT,122.41,NULL,NULL,NULL,USGS,m,2,S,V,A,34.07056835,-117.3180992
San Bernardino County,71,San Bernardino,USGS,340433117171201,GW,2013-06-03,14:20,PDT,102.6,NULL,NULL,NULL,USGS,m,2,S,C,A,34.0758333,-117.2866667
San Bernardino County,71,San Bernardino,USGS,340433117171202,GW,2013-06-03,14:24,PDT,NULL,NULL,NULL,D,USGS,m,NULL,S,V,A,34.0758333,-117.2866667
San Bernardino County,71,San Bernardino,USGS,340433117171203,GW,2013-06-03,14:28,PDT,NULL,NULL,NULL,D,USGS,m,NULL,S,V,P,34.0758333,-117.2866667
San Bernardino County,71,San Bernardino,USGS,340439117173902,GW,2013-06-03,11:25,PDT,101.88,NULL,NULL,NULL,USGS,m,2,S,V,A,34.0774111,-117.29515
San Bernardino County,71,San Bernardino,USGS,340439117173904,GW,2013-06-03,11:30,PDT,97.45,NULL,NULL,NULL,USGS,m,2,S,V,A,34.0774111,-117.29515
San Bernardino County,71,San Bernardino,USGS,340439117173905,GW,2013-06-03,11:31,PDT,95.09,NULL,NULL,NULL,USGS,m,2,S,V,A,34.0774111,-117.29515
San Bernardino County,71,San Bernardino,USGS,340439117173906,GW,2013-06-03,11:33,PDT,93.72,NULL,NULL,NULL,USGS,m,2,S,V,A,34.0774111,-117.29515
San Bernardino County,71,San Bernardino,USGS,340439117173907,GW,2013-06-03,11:38,PDT,NULL,NULL,NULL,D,USGS,m,NULL,S,V,A,34.0774111,-117.29515
San Bernardino County,71,San Bernardino,USGS,340503117104101,GW,2013-06-12,11:33,PDT,183.71,NULL,NULL,NULL,USGS,m,2,S,V,A,34.0843222,-117.1772083
San Bernardino County,71,San Bernardino,USGS,340503117104102,GW,2013-06-12,11:38,PDT,183.5,NULL,NULL,NULL,USGS,m,2,S,V,A,34.0843222,-117.1772083
San Bernardino County,71,San Bernardino,USGS,340503117104103,GW,2013-06-12,11:43,PDT,183.27,NULL,NULL,NULL,USGS,m,2,S,V,A,34.0843222,-117.1772083
San Bernardino County,71,San Bernardino,USGS,340503117104104,GW,2013-06-12,11:48,PDT,183.04,NULL,NULL,NULL,USGS,m,2,S,V,A,34.0843222,-117.1772083
San Bernardino County,71,San Bernardino,USGS,340503117104105,GW,2013-06-12,11:52,PDT,183.93,NULL,NULL,NULL,USGS,m,2,S,V,A,34.0843222,-117.1772083
San Bernardino County,71,San Bernardino,USGS,340508117163301,GW,2013-06-12,10:15,PDT,165.95,NULL,NULL,NULL,USGS,m,2,S,V,A,34.08555556,-117.2758333
San Bernardino County,71,San Bernardino,USGS,340508117163302,GW,2013-06-12,10:11,PDT,169.36,NULL,NULL,NULL,USGS,m,2,S,V,A,34.08555556,-117.2758333
San Bernardino County,71,San Bernardino,USGS,340508117163303,GW,2013-06-12,10:07,PDT,150.43,NULL,NULL,NULL,USGS,m,2,S,V,A,34.08555556,-117.2758333
San Bernardino County,71,San Bernardino,USGS,340508117163304,GW,2013-06-12,10:02,PDT,127.01,NULL,NULL,NULL,USGS,m,2,S,V,A,34.08555556,-117.2758333
San Bernardino County,71,San Bernardino,USGS,340508117163305,GW,2013-06-12,09:59,PDT,90.18,NULL,NULL,NULL,USGS,m,2,S,V,A,34.08555556,-117.2758333
San Bernardino County,71,San Bernardino,USGS,340508117163306,GW,2013-06-12,09:56,PDT,46.33,NULL,NULL,NULL,USGS,m,2,S,V,A,34.08555556,-117.2758333
San Bernardino County,71,San Bernardino,USGS,340509117172401,GW,2013-06-03,13:22,PDT,90.9,NULL,NULL,NULL,USGS,m,2,S,C,A,34.0858333,-117.29
San Bernardino County,71,San Bernardino,USGS,340509117172402,GW,2013-06-03,13:24,PDT,84.32,NULL,NULL,NULL,USGS,m,2,S,C,A,34.0858333,-117.29
San Bernardino County,71,San Bernardino,USGS,340509117172403,GW,2013-06-03,13:27,PDT,NULL,NULL,NULL,D,USGS,m,NULL,S,C,P,34.0858333,-117.29
San Bernardino County,71,San Bernardino,USGS,340521117212001,GW,2013-06-17,11:40,PDT,258.56,NULL,NULL,NULL,USGS,m,2,S,V,A,34.08935556,-117.3556667
San Bernardino County,71,San Bernardino,USGS,340521117212002,GW,2013-06-17,11:45,PDT,268.58,NULL,NULL,NULL,USGS,m,2,S,V,A,34.08935556,-117.3556667
San Bernardino County,71,San Bernardino,USGS,340521117212003,GW,2013-06-17,11:50,PDT,281.91,NULL,NULL,NULL,USGS,m,2,S,V,A,34.08935556,-117.3556667
San Bernardino County,71,San Bernardino,USGS,340521117212004,GW,2013-06-17,11:55,PDT,280.51,NULL,NULL,NULL,USGS,m,2,S,V,A,34.08935556,-117.3556667
San Bernardino County,71,San Bernardino,USGS,340521117212005,GW,2013-06-17,12:00,PDT,271.02,NULL,NULL,NULL,USGS,m,2,S,V,A,34.08935556,-117.3556667
San Bernardino County,71,San Bernardino,USGS,340524117182801,GW,2013-06-12,08:52,PDT,150.82,NULL,NULL,NULL,USGS,m,2,S,V,A,34.09,-117.3077778
San Bernardino County,71,San Bernardino,USGS,340524117182802,GW,2013-06-12,08:59,PDT,NULL,NULL,NULL,D,USGS,m,NULL,S,V,A,34.09,-117.3077778
San Bernardino County,71,San Bernardino,USGS,340524117182803,GW,2013-06-12,08:47,PDT,NULL,NULL,NULL,D,USGS,m,NULL,S,V,A,34.09,-117.3077778
San Bernardino County,71,San Bernardino,USGS,340538117171401,GW,2013-06-03,12:42,PDT,96.16,NULL,NULL,NULL,USGS,m,2,S,C,A,34.09388889,-117.2872222
San Bernardino County,71,San Bernardino,USGS,340538117171402,GW,2013-06-03,12:43,PDT,NULL,NULL,NULL,D,USGS,m,NULL,S,V,A,34.09388889,-117.2872222
San Bernardino County,71,San Bernardino,USGS,340538117171403,GW,2013-06-03,12:47,PDT,NULL,NULL,NULL,D,USGS,m,NULL,S,V,A,34.09388889,-117.2872222
San Bernardino County,71,San Bernardino,USGS,340546117182901,GW,2013-06-03,10:37,PDT,145.48,NULL,NULL,NULL,USGS,m,2,S,C,A,34.0961111,-117.3080556
San Bernardino County,71,San Bernardino,USGS,340546117182902,GW,2013-06-03,10:40,PDT,NULL,NULL,NULL,D,USGS,m,NULL,S,C,A,34.0961111,-117.3080556
San Bernardino County,71,San Bernardino,USGS,340546117182903,GW,2013-06-03,10:44,PDT,NULL,NULL,NULL,D,USGS,m,NULL,S,V,A,34.0961111,-117.3080556
San Bernardino County,71,San Bernardino,USGS,340546117182904,GW,2013-06-03,10:47,PDT,NULL,NULL,NULL,D,USGS,m,NULL,S,V,A,34.0961111,-117.3080556
San Bernardino County,71,San Bernardino,USGS,340555117161201,GW,2013-06-14,09:12,PDT,127.61,NULL,NULL,NULL,USGS,m,2,S,V,A,34.0986111,-117.27
San Bernardino County,71,San Bernardino,USGS,340555117161202,GW,2013-06-14,09:09,PDT,124.09,NULL,NULL,NULL,USGS,m,2,S,V,A,34.0986111,-117.27
San Bernardino County,71,San Bernardino,USGS,340555117161203,GW,2013-06-14,09:06,PDT,110.73,NULL,NULL,NULL,USGS,m,2,S,V,A,34.0986111,-117.27
San Bernardino County,71,San Bernardino,USGS,340555117161204,GW,2013-06-14,09:02,PDT,75.8,NULL,NULL,NULL,USGS,m,2,S,V,A,34.0986111,-117.27
San Bernardino County,71,San Bernardino,USGS,340555117161205,GW,2013-06-14,09:33,PDT,145.62,NULL,NULL,NULL,USGS,m,2,S,V,A,34.0986111,-117.27
San Bernardino County,71,San Bernardino,USGS,340555117161206,GW,2013-06-14,09:27,PDT,167.0,NULL,NULL,NULL,USGS,m,2,S,V,A,34.0986111,-117.27
San Bernardino County,71,San Bernardino,USGS,340555117161207,GW,2013-06-14,09:24,PDT,159.05,NULL,NULL,NULL,USGS,m,2,S,V,A,34.0986111,-117.27
San Bernardino County,71,San Bernardino,USGS,340615117170902,GW,2013-06-03,10:37,PDT,146.32,NULL,NULL,NULL,USGS,m,2,S,V,A,34.10414167,-117.28645
San Bernardino County,71,San Bernardino,USGS,340615117170903,GW,2013-06-03,10:38,PDT,112.86,NULL,NULL,NULL,USGS,m,2,S,V,A,34.10414167,-117.28645
San Bernardino County,71,San Bernardino,USGS,340615117170904,GW,2013-06-03,10:39,PDT,63.01,NULL,NULL,NULL,USGS,m,2,S,V,A,34.10414167,-117.28645
San Bernardino County,71,San Bernardino,USGS,340633117174001,GW,2013-06-13,09:22,PDT,190.77,NULL,NULL,NULL,USGS,m,2,S,V,A,34.10916667,-117.2944444
San Bernardino County,71,San Bernardino,USGS,340633117174002,GW,2013-06-13,09:18,PDT,192.01,NULL,NULL,NULL,USGS,m,2,S,V,A,34.10916667,-117.2944444
San Bernardino County,71,San Bernardino,USGS,340633117174003,GW,2013-06-13,09:12,PDT,181.43,NULL,NULL,NULL,USGS,m,2,S,V,A,34.10916667,-117.2944444
San Bernardino County,71,San Bernardino,USGS,340633117174004,GW,2013-06-13,08:57,PDT,155.3,NULL,NULL,NULL,USGS,m,2,S,V,A,34.10916667,-117.2944444
San Bernardino County,71,San Bernardino,USGS,340633117174005,GW,2013-06-13,08:53,PDT,150.39,NULL,NULL,NULL,USGS,m,2,S,V,A,34.10916667,-117.2944444
San Bernardino County,71,San Bernardino,USGS,340633117174006,GW,2013-06-13,08:49,PDT,NULL,NULL,NULL,D,USGS,m,NULL,S,V,A,34.10916667,-117.2944444
San Bernardino County,71,San Bernardino,USGS,340655117184004,GW,2013-06-03,10:09,PDT,NULL,NULL,NULL,D,USGS,m,NULL,S,V,A,34.11511389,-117.3117444
San Bernardino County,71,San Bernardino,USGS,340655117184005,GW,2013-06-03,10:12,PDT,212.07,NULL,NULL,NULL,USGS,m,2,S,V,A,34.11511389,-117.3117444
San Bernardino County,71,San Bernardino,USGS,340655117184006,GW,2013-06-03,10:14,PDT,217.9,NULL,NULL,NULL,USGS,m,2,S,V,A,34.11511389,-117.3117444
San Bernardino County,71,San Bernardino,USGS,340707117162706,GW,2013-06-03,09:34,PDT,197.85,NULL,NULL,NULL,USGS,m,2,S,V,A,34.11849167,-117.2743722
San Bernardino County,71,San Bernardino,USGS,340707117162707,GW,2013-06-03,09:38,PDT,193.09,NULL,NULL,NULL,USGS,m,2,S,V,A,34.11849167,-117.2743722
San Bernardino County,71,San Bernardino,USGS,340707117162708,GW,2013-06-03,09:40,PDT,161.62,NULL,NULL,NULL,USGS,m,2,S,V,A,34.11849167,-117.2743722
San Bernardino County,71,San Bernardino,USGS,340800117235901,GW,2013-06-20,09:35,PDT,493.98,NULL,NULL,NULL,USGS,m,2,S,V,A,34.13334349,-117.4006026
San Bernardino County,71,San Bernardino,USGS,340800117235902,GW,2013-06-20,09:40,PDT,493.21,NULL,NULL,NULL,USGS,m,2,S,V,A,34.13334349,-117.4006026
San Bernardino County,71,San Bernardino,USGS,340800117235903,GW,2013-06-20,09:45,PDT,493.25,NULL,NULL,NULL,USGS,m,2,S,V,A,34.13334349,-117.4006026
San Bernardino County,71,San Bernardino,USGS,340800117235904,GW,2013-06-20,09:50,PDT,NULL,NULL,NULL,D,USGS,m,NULL,S,V,A,34.13334349,-117.4006026
San Bernardino County,71,San Bernardino,USGS,342316117362501,GW,2013-06-13,12:00,PST,258.0,NULL,NULL,NULL,CA011,D,0,O,T,P,34.3883611,-117.60825
San Bernardino County,71,San Bernardino,USGS,342318117141102,GW,2013-06-01,12:00,PST,61.96,NULL,NULL,NULL,CA381,m,2,S,R,A,34.3883348,-117.2372655
San Bernardino County,71,San Bernardino,USGS,342318117141102,GW,2013-06-15,12:00,PST,62.1,NULL,NULL,NULL,CA381,m,2,S,R,A,34.3883348,-117.2372655
San Bernardino County,71,San Bernardino,USGS,342318117141103,GW,2013-06-01,12:00,PST,63.83,NULL,NULL,NULL,CA381,m,2,S,R,A,34.3883348,-117.2372655
San Bernardino County,71,San Bernardino,USGS,342318117141103,GW,2013-06-15,12:00,PST,64.15,NULL,NULL,NULL,CA381,m,2,S,R,A,34.3883348,-117.2372655
San Bernardino County,71,San Bernardino,USGS,342318117141104,GW,2013-06-01,12:00,PST,63.72,NULL,NULL,NULL,CA381,m,2,S,R,A,34.3883348,-117.2372655
San Bernardino County,71,San Bernardino,USGS,342318117141104,GW,2013-06-15,12:00,PST,64.12,NULL,NULL,NULL,CA381,m,2,S,R,A,34.3883348,-117.2372655
San Bernardino County,71,San Bernardino,USGS,342435117135702,GW,2013-06-01,12:00,PST,70.98,NULL,NULL,NULL,CA381,m,2,S,R,A,34.4097833,-117.2325
San Bernardino County,71,San Bernardino,USGS,342435117135702,GW,2013-06-15,12:00,PST,71.81,NULL,NULL,NULL,CA381,m,2,S,R,A,34.4097833,-117.2325
San Bernardino County,71,San Bernardino,USGS,342514117134801,GW,2013-06-01,12:00,PST,70.45,NULL,NULL,NULL,CA381,m,2,S,R,A,34.42055597,-117.2308767
San Bernardino County,71,San Bernardino,USGS,342514117134801,GW,2013-06-15,12:00,PST,71.75,NULL,NULL,NULL,CA381,m,2,S,R,A,34.42055597,-117.2308767
San Bernardino County,71,San Bernardino,USGS,342514117134803,GW,2013-06-01,12:00,PST,70.66,NULL,NULL,NULL,CA381,m,2,S,R,A,34.42055597,-117.2308767
San Bernardino County,71,San Bernardino,USGS,342514117134803,GW,2013-06-15,12:00,PST,71.97,NULL,NULL,NULL,CA381,m,2,S,R,A,34.42055597,-117.2308767
San Bernardino County,71,San Bernardino,USGS,342514117134804,GW,2013-06-01,12:00,PST,67.9,NULL,NULL,NULL,CA381,m,2,S,R,A,34.42055597,-117.2308767
San Bernardino County,71,San Bernardino,USGS,342514117134804,GW,2013-06-15,12:00,PST,68.99,NULL,NULL,NULL,CA381,m,2,S,R,A,34.42055597,-117.2308767
San Bernardino County,71,San Bernardino,USGS,342514117134805,GW,2013-06-24,14:27,PDT,NULL,NULL,NULL,D,CA381,m,NULL,S,R,A,34.42055597,-117.2308767
San Bernardino County,71,San Bernardino,USGS,342516117141801,GW,2013-06-01,12:00,PST,94.25,NULL,NULL,NULL,CA381,m,2,S,R,A,34.42111149,-117.2392102
San Bernardino County,71,San Bernardino,USGS,342516117141801,GW,2013-06-15,12:00,PST,95.63,NULL,NULL,NULL,CA381,m,2,S,R,A,34.42111149,-117.2392102
San Bernardino County,71,San Bernardino,USGS,342544116555001,GW,2013-06-01,12:00,PST,290.38,NULL,NULL,NULL,CA381,m,2,S,R,A,34.42888955,-116.9314233
San Bernardino County,71,San Bernardino,USGS,342544116555001,GW,2013-06-15,12:00,PST,290.45,NULL,NULL,NULL,CA381,m,2,S,R,A,34.42888955,-116.9314233
San Bernardino County,71,San Bernardino,USGS,342544116555002,GW,2013-06-01,12:00,PST,282.11,NULL,NULL,NULL,CA381,m,2,S,R,A,34.42888955,-116.9314233
San Bernardino County,71,San Bernardino,USGS,342544116555002,GW,2013-06-15,12:00,PST,282.4,NULL,NULL,NULL,CA381,m,2,S,R,A,34.42888955,-116.9314233
San Bernardino County,71,San Bernardino,USGS,342544116555003,GW,2013-06-24,15:50,PDT,NULL,NULL,NULL,D,CA381,m,NULL,S,R,A,34.42888955,-116.9314233
San Bernardino County,71,San Bernardino,USGS,342553117143109,GW,2013-06-01,12:00,PST,58.95,NULL,NULL,NULL,CA381,m,2,S,R,A,34.43141667,-117.2421944
San Bernardino County,71,San Bernardino,USGS,342553117143109,GW,2013-06-15,12:00,PST,59.87,NULL,NULL,NULL,CA381,m,2,S,R,A,34.43141667,-117.2421944
San Bernardino County,71,San Bernardino,USGS,342642117240001,GW,2013-06-01,12:00,PST,589.45,NULL,NULL,NULL,CA381,m,2,S,R,A,34.444925,-117.4000917
San Bernardino County,71,San Bernardino,USGS,342642117240001,GW,2013-06-15,12:00,PST,589.48,NULL,NULL,NULL,CA381,m,2,S,R,A,34.444925,-117.4000917
San Bernardino County,71,San Bernardino,USGS,342704117145410,GW,2013-06-01,12:00,PST,50.2,NULL,NULL,NULL,CA381,m,2,S,R,A,34.45127778,-117.2483889
San Bernardino County,71,San Bernardino,USGS,342704117145410,GW,2013-06-15,12:00,PST,50.84,NULL,NULL,NULL,CA381,m,2,S,R,A,34.45127778,-117.2483889
San Bernardino County,71,San Bernardino,USGS,342726117082401,GW,2013-06-01,12:00,PST,304.99,NULL,NULL,NULL,CA381,m,2,S,R,A,34.45722159,-117.1408744
San Bernardino County,71,San Bernardino,USGS,342726117082401,GW,2013-06-15,12:00,PST,305.29,NULL,NULL,NULL,CA381,m,2,S,R,A,34.45722159,-117.1408744
San Bernardino County,71,San Bernardino,USGS,342726117082402,GW,2013-06-01,12:00,PST,304.29,NULL,NULL,NULL,CA381,m,2,S,R,A,34.45722159,-117.1408744
San Bernardino County,71,San Bernardino,USGS,342726117082402,GW,2013-06-15,12:00,PST,304.21,NULL,NULL,NULL,CA381,m,2,S,R,A,34.45722159,-117.1408744
San Bernardino County,71,San Bernardino,USGS,342733117220501,GW,2013-06-24,12:00,PDT,417.79,NULL,NULL,NULL,CA381,m,2,S,R,A,34.45938889,-117.3680833
San Bernardino County,71,San Bernardino,USGS,342738116553901,GW,2013-06-27,11:15,PDT,152.65,NULL,NULL,NULL,CA381,m,2,S,R,A,34.46055506,-116.9283677
San Bernardino County,71,San Bernardino,USGS,342738116553902,GW,2013-06-27,11:20,PDT,151.11,NULL,NULL,NULL,CA381,m,2,S,R,A,34.46055506,-116.9283677
San Bernardino County,71,San Bernardino,USGS,342738116553904,GW,2013-06-27,11:25,PDT,134.45,NULL,NULL,NULL,CA381,m,2,S,R,A,34.46055506,-116.9283677
San Bernardino County,71,San Bernardino,USGS,342738116553905,GW,2013-06-01,12:00,PST,149.52,NULL,NULL,NULL,CA381,m,2,S,R,A,34.46055506,-116.9283677
San Bernardino County,71,San Bernardino,USGS,342738116553905,GW,2013-06-15,12:00,PST,149.85,NULL,NULL,NULL,CA381,m,2,S,R,A,34.46055506,-116.9283677
San Bernardino County,71,San Bernardino,USGS,342738116553906,GW,2013-06-01,12:00,PST,134.02,NULL,NULL,NULL,CA381,m,2,S,R,A,34.46055506,-116.9283677
San Bernardino County,71,San Bernardino,USGS,342738116553906,GW,2013-06-15,12:00,PST,134.03,NULL,NULL,NULL,CA381,m,2,S,R,A,34.46055506,-116.9283677
San Bernardino County,71,San Bernardino,USGS,342744117215001,GW,2013-06-24,12:19,PDT,393.13,NULL,NULL,NULL,CA381,m,2,S,R,A,34.4624722,-117.3639444
San Bernardino County,71,San Bernardino,USGS,342805117164501,GW,2013-06-24,10:33,PDT,191.67,NULL,NULL,NULL,CA381,m,2,S,R,A,34.46805556,-117.28075
San Bernardino County,71,San Bernardino,USGS,342805117164502,GW,2013-06-24,10:40,PDT,221.32,NULL,NULL,NULL,CA381,m,2,S,R,A,34.46805395,-117.2800448
San Bernardino County,71,San Bernardino,USGS,342805117164503,GW,2013-06-24,10:45,PDT,220.53,NULL,NULL,NULL,CA381,m,2,S,R,A,34.46805395,-117.2800448
San Bernardino County,71,San Bernardino,USGS,342805117164504,GW,2013-06-24,10:51,PDT,219.81,NULL,NULL,NULL,CA381,m,2,S,R,A,34.46805395,-117.2800448
San Bernardino County,71,San Bernardino,USGS,342814117150501,GW,2013-06-01,12:00,PST,24.96,NULL,NULL,NULL,CA381,m,2,S,R,A,34.4705542,-117.2522665
San Bernardino County,71,San Bernardino,USGS,342814117150501,GW,2013-06-15,12:00,PST,26.44,NULL,NULL,NULL,CA381,m,2,S,R,A,34.4705542,-117.2522665
San Bernardino County,71,San Bernardino,USGS,342814117150502,GW,2013-06-01,12:00,PST,52.27,NULL,NULL,NULL,CA381,m,2,S,R,A,34.4705542,-117.2522665
San Bernardino County,71,San Bernardino,USGS,342814117150502,GW,2013-06-15,12:00,PST,53.62,NULL,NULL,NULL,CA381,m,2,S,R,A,34.4705542,-117.2522665
San Bernardino County,71,San Bernardino,USGS,342814117150503,GW,2013-06-01,12:00,PST,49.84,NULL,NULL,NULL,CA381,m,2,S,R,A,34.4705542,-117.2522665
San Bernardino County,71,San Bernardino,USGS,342814117150503,GW,2013-06-15,12:00,PST,51.06,NULL,NULL,NULL,CA381,m,2,S,R,A,34.4705542,-117.2522665
San Bernardino County,71,San Bernardino,USGS,342814117150504,GW,2013-06-01,12:00,PST,35.7,NULL,NULL,NULL,CA381,m,2,S,R,A,34.4705542,-117.2522665
San Bernardino County,71,San Bernardino,USGS,342814117150504,GW,2013-06-15,12:00,PST,36.04,NULL,NULL,NULL,CA381,m,2,S,R,A,34.4705542,-117.2522665
San Bernardino County,71,San Bernardino,USGS,342827117383701,GW,2013-06-27,12:00,PST,649.0,NULL,NULL,NULL,CA011,D,0,O,T,P,34.47415,-117.6436
San Bernardino County,71,San Bernardino,USGS,342827117384001,GW,2013-06-27,12:00,PST,650.0,NULL,NULL,NULL,CA011,D,0,O,T,P,34.4740333,-117.6445333
San Bernardino County,71,San Bernardino,USGS,342850116562301,GW,2013-06-24,13:40,PDT,126.66,NULL,NULL,NULL,CA381,m,2,S,R,A,34.4805543,-116.9405905
San Bernardino County,71,San Bernardino,USGS,342850116562302,GW,2013-06-24,13:45,PDT,126.74,NULL,NULL,NULL,CA381,m,2,S,R,A,34.4805543,-116.9405905
San Bernardino County,71,San Bernardino,USGS,342850116562303,GW,2013-06-24,13:50,PDT,126.84,NULL,NULL,NULL,CA381,m,2,S,R,A,34.4805543,-116.9405905
San Bernardino County,71,San Bernardino,USGS,342850116562304,GW,2013-06-24,13:55,PDT,126.64,NULL,NULL,NULL,CA381,m,2,S,R,A,34.4805543,-116.9405905
San Bernardino County,71,San Bernardino,USGS,342850116562305,GW,2013-06-24,14:00,PDT,98.12,NULL,NULL,NULL,CA381,m,2,S,R,A,34.4805543,-116.9405905
San Bernardino County,71,San Bernardino,USGS,342923117370601,GW,2013-06-01,12:00,PST,552.51,NULL,NULL,NULL,CA381,m,2,S,R,A,34.4897174,-117.6192215
San Bernardino County,71,San Bernardino,USGS,342923117370601,GW,2013-06-15,12:00,PST,552.64,NULL,NULL,NULL,CA381,m,2,S,R,A,34.4897174,-117.6192215
San Bernardino County,71,San Bernardino,USGS,342930117203501,GW,2013-06-24,11:23,PDT,364.33,NULL,NULL,NULL,CA381,m,2,S,R,A,34.4916083,-117.3431167
San Bernardino County,71,San Bernardino,USGS,342938117111901,GW,2013-06-01,12:00,PST,154.1,NULL,NULL,NULL,CA381,m,2,S,R,A,34.4938869,-117.189487
San Bernardino County,71,San Bernardino,USGS,342938117111901,GW,2013-06-15,12:00,PST,154.44,NULL,NULL,NULL,CA381,m,2,S,R,A,34.4938869,-117.189487
San Bernardino County,71,San Bernardino,USGS,342938117111902,GW,2013-06-01,12:00,PST,153.19,NULL,NULL,NULL,CA381,m,2,S,R,A,34.4938869,-117.189487
San Bernardino County,71,San Bernardino,USGS,342938117111902,GW,2013-06-15,12:00,PST,153.5,NULL,NULL,NULL,CA381,m,2,S,R,A,34.4938869,-117.189487
San Bernardino County,71,San Bernardino,USGS,342938117111903,GW,2013-06-01,12:00,PST,152.23,NULL,NULL,NULL,CA381,m,2,S,R,A,34.4938869,-117.189487
San Bernardino County,71,San Bernardino,USGS,342938117111903,GW,2013-06-15,12:00,PST,152.41,NULL,NULL,NULL,CA381,m,2,S,R,A,34.4938869,-117.189487
San Bernardino County,71,San Bernardino,USGS,342938117111904,GW,2013-06-24,08:00,PDT,NULL,NULL,NULL,D,CA381,m,NULL,S,R,A,34.4938869,-117.189487
San Bernardino County,71,San Bernardino,USGS,342943116555201,GW,2013-06-24,14:15,PDT,122.03,NULL,NULL,NULL,CA381,m,2,S,R,A,34.495276,-116.931979
San Bernardino County,71,San Bernardino,USGS,342954117392601,GW,2013-06-19,12:00,PST,494.0,NULL,NULL,NULL,CA011,D,0,O,T,P,34.49832845,-117.6581122
San Bernardino County,71,San Bernardino,USGS,342959117133001,GW,2013-06-24,08:36,PDT,178.69,NULL,NULL,NULL,CA381,m,2,S,R,A,34.49971999,-117.225877
San Bernardino County,71,San Bernardino,USGS,342959117133002,GW,2013-06-24,08:42,PDT,176.76,NULL,NULL,NULL,CA381,m,2,S,R,A,34.49971999,-117.225877
San Bernardino County,71,San Bernardino,USGS,342959117133003,GW,2013-06-24,08:47,PDT,174.4,NULL,NULL,NULL,CA381,m,2,S,R,A,34.49971999,-117.225877
San Bernardino County,71,San Bernardino,USGS,343002117393301,GW,2013-06-19,12:00,PST,507.0,NULL,NULL,NULL,CA011,D,0,O,T,P,34.49844444,-117.6586389
San Bernardino County,71,San Bernardino,USGS,343004117153801,GW,2013-06-01,12:00,PST,32.04,NULL,NULL,NULL,CA381,m,2,S,R,A,34.50121667,-117.2606417
San Bernardino County,71,San Bernardino,USGS,343004117153801,GW,2013-06-15,12:00,PST,35.76,NULL,NULL,NULL,CA381,m,2,S,R,A,34.50121667,-117.2606417
San Bernardino County,71,San Bernardino,USGS,343004117153802,GW,2013-06-01,12:00,PST,9.09,NULL,NULL,NULL,CA381,m,2,S,R,A,34.5012222,-117.2606528
San Bernardino County,71,San Bernardino,USGS,343004117153802,GW,2013-06-15,12:00,PST,9.69,NULL,NULL,NULL,CA381,m,2,S,R,A,34.5012222,-117.2606528
San Bernardino County,71,San Bernardino,USGS,343004117153803,GW,2013-06-01,12:00,PST,8.11,NULL,NULL,NULL,CA381,m,2,S,R,A,34.50123056,-117.2606528
San Bernardino County,71,San Bernardino,USGS,343004117153803,GW,2013-06-15,12:00,PST,8.57,NULL,NULL,NULL,CA381,m,2,S,R,A,34.50123056,-117.2606528
San Bernardino County,71,San Bernardino,USGS,343004117153805,GW,2013-06-01,12:00,PST,7.96,NULL,NULL,NULL,CA381,m,2,S,R,A,34.5011111,-117.2605556
San Bernardino County,71,San Bernardino,USGS,343004117153805,GW,2013-06-15,12:00,PST,8.43,NULL,NULL,NULL,CA381,m,2,S,R,A,34.5011111,-117.2605556
San Bernardino County,71,San Bernardino,USGS,343030117300901,GW,2013-06-24,13:19,PDT,356.76,NULL,NULL,NULL,CA381,m,2,S,R,A,34.5087222,-117.5035278
San Bernardino County,71,San Bernardino,USGS,343030117300902,GW,2013-06-24,13:27,PDT,366.7,NULL,NULL,NULL,CA381,m,2,S,R,A,34.50832695,-117.5033828
San Bernardino County,71,San Bernardino,USGS,343030117300903,GW,2013-06-24,13:35,PDT,354.97,NULL,NULL,NULL,CA381,m,2,S,R,A,34.50832695,-117.5033828
San Bernardino County,71,San Bernardino,USGS,343038117341701,GW,2013-06-20,12:00,PST,432.0,NULL,NULL,NULL,CA011,D,0,O,T,P,34.5108611,-117.5718889
San Bernardino County,71,San Bernardino,USGS,343106117162201,GW-MW,2013-06-01,12:00,PST,7.15,NULL,NULL,NULL,CA381,m,2,S,R,A,34.51844444,-117.2729167
San Bernardino County,71,San Bernardino,USGS,343106117162201,GW-MW,2013-06-15,12:00,PST,6.43,NULL,NULL,NULL,CA381,m,2,S,R,A,34.51844444,-117.2729167
San Bernardino County,71,San Bernardino,USGS,343106117162202,GW-MW,2013-06-01,12:00,PST,7.25,NULL,NULL,NULL,CA381,m,2,S,R,A,34.51844444,-117.2729167
San Bernardino County,71,San Bernardino,USGS,343106117162202,GW-MW,2013-06-15,12:00,PST,6.52,NULL,NULL,NULL,CA381,m,2,S,R,A,34.51844444,-117.2729167
San Bernardino County,71,San Bernardino,USGS,343145117163501,GW,2013-06-01,12:00,PST,111.35,NULL,NULL,NULL,CA381,m,2,S,R,A,34.5291627,-117.2772673
San Bernardino County,71,San Bernardino,USGS,343145117163501,GW,2013-06-15,12:00,PST,106.48,NULL,NULL,NULL,CA381,m,2,S,R,A,34.5291627,-117.2772673
San Bernardino County,71,San Bernardino,USGS,343145117163502,GW,2013-06-24,09:09,PDT,17.49,NULL,NULL,S,CA381,m,2,S,R,A,34.5291627,-117.2772673
San Bernardino County,71,San Bernardino,USGS,343145117163503,GW,2013-06-01,11:20,PST,17.33,NULL,NULL,NULL,CA381,m,2,S,R,A,34.5291627,-117.2772673
San Bernardino County,71,San Bernardino,USGS,343145117163503,GW,2013-06-15,11:20,PST,16.93,NULL,NULL,NULL,CA381,m,2,S,R,A,34.5291627,-117.2772673
San Bernardino County,71,San Bernardino,USGS,343145117163504,GW,2013-06-01,12:00,PST,16.22,NULL,NULL,NULL,CA381,m,2,S,R,A,34.5291627,-117.2772673
San Bernardino County,71,San Bernardino,USGS,343145117163504,GW,2013-06-15,12:00,PST,16.2,NULL,NULL,NULL,CA381,m,2,S,R,A,34.5291627,-117.2772673
San Bernardino County,71,San Bernardino,USGS,343155116543401,GW,2013-06-24,14:50,PDT,149.18,NULL,NULL,NULL,CA381,m,2,S,R,A,34.53194136,-116.910312
San Bernardino County,71,San Bernardino,USGS,343155116543402,GW,2013-06-24,14:55,PDT,149.25,NULL,NULL,NULL,CA381,m,2,S,R,A,34.53194136,-116.910312
San Bernardino County,71,San Bernardino,USGS,343417116574501,GW,2013-06-24,14:35,PDT,187.83,NULL,NULL,NULL,CA381,m,2,S,R,A,34.57138435,-116.9633698
San Bernardino County,71,San Bernardino,USGS,343425117195601,GW,2013-06-01,12:00,PST,19.88,NULL,NULL,NULL,CA381,m,2,S,R,A,34.573875,-117.332261
San Bernardino County,71,San Bernardino,USGS,343425117195601,GW,2013-06-15,12:00,PST,20.27,NULL,NULL,NULL,CA381,m,2,S,R,A,34.573875,-117.332261
San Bernardino County,71,San Bernardino,USGS,343425117195602,GW,2013-06-01,12:00,PST,18.95,NULL,NULL,NULL,CA381,m,2,S,R,A,34.573875,-117.332261
San Bernardino County,71,San Bernardino,USGS,343425117195602,GW,2013-06-15,12:00,PST,19.34,NULL,NULL,NULL,CA381,m,2,S,R,A,34.573875,-117.332261
San Bernardino County,71,San Bernardino,USGS,343425117195603,GW,2013-06-01,12:00,PST,16.92,NULL,NULL,NULL,CA381,m,2,S,R,A,34.573875,-117.332261
San Bernardino County,71,San Bernardino,USGS,343425117195603,GW,2013-06-15,12:00,PST,17.37,NULL,NULL,NULL,CA381,m,2,S,R,A,34.573875,-117.332261
San Bernardino County,71,San Bernardino,USGS,343435117195501,GW,2013-06-27,08:11,PDT,14.94,NULL,NULL,NULL,CA381,m,2,S,R,A,34.5763822,-117.3328244
San Bernardino County,71,San Bernardino,USGS,343443117200401,GW,2013-06-01,12:00,PST,10.85,NULL,NULL,NULL,CA381,m,2,S,R,A,34.57883889,-117.3345222
San Bernardino County,71,San Bernardino,USGS,343443117200401,GW,2013-06-15,12:00,PST,12.26,NULL,NULL,NULL,CA381,m,2,S,R,A,34.57883889,-117.3345222
San Bernardino County,71,San Bernardino,USGS,343444117200401,GW,2013-06-01,12:00,PST,13.33,NULL,NULL,NULL,CA381,m,2,S,R,A,34.57897778,-117.3344556
San Bernardino County,71,San Bernardino,USGS,343444117200401,GW,2013-06-15,12:00,PST,14.57,NULL,NULL,NULL,CA381,m,2,S,R,A,34.57897778,-117.3344556
San Bernardino County,71,San Bernardino,USGS,343444117200402,GW,2013-06-01,12:00,PST,13.12,NULL,NULL,NULL,CA381,m,2,S,R,A,34.5789083,-117.3344528
San Bernardino County,71,San Bernardino,USGS,343444117200402,GW,2013-06-15,12:00,PST,14.36,NULL,NULL,NULL,CA381,m,2,S,R,A,34.5789083,-117.3344528
San Bernardino County,71,San Bernardino,USGS,343548117203501,GW-MW,2013-06-01,12:00,PST,10.5,NULL,NULL,NULL,CA381,m,2,S,R,A,34.59677778,-117.3431389
San Bernardino County,71,San Bernardino,USGS,343548117203501,GW-MW,2013-06-15,12:00,PST,11.18,NULL,NULL,NULL,CA381,m,2,S,R,A,34.59677778,-117.3431389
San Bernardino County,71,San Bernardino,USGS,343548117203502,GW-MW,2013-06-01,12:00,PST,10.61,NULL,NULL,NULL,CA381,m,2,S,R,A,34.59677778,-117.3431389
San Bernardino County,71,San Bernardino,USGS,343548117203502,GW-MW,2013-06-15,12:00,PST,13.27,NULL,NULL,NULL,CA381,m,2,S,R,A,34.59677778,-117.3431389
San Bernardino County,71,San Bernardino,USGS,343548117203503,GW-MW,2013-06-01,12:00,PST,4.19,NULL,NULL,NULL,CA381,m,2,S,R,A,34.5967222,-117.3431944
San Bernardino County,71,San Bernardino,USGS,343548117203503,GW-MW,2013-06-15,12:00,PST,4.59,NULL,NULL,NULL,CA381,m,2,S,R,A,34.5967222,-117.3431944
San Bernardino County,71,San Bernardino,USGS,343548117203504,GW-MW,2013-06-01,12:00,PST,4.45,NULL,NULL,NULL,CA381,m,2,S,R,A,34.5967222,-117.3431944
San Bernardino County,71,San Bernardino,USGS,343548117203504,GW-MW,2013-06-15,12:00,PST,4.85,NULL,NULL,NULL,CA381,m,2,S,R,A,34.5967222,-117.3431944
San Bernardino County,71,San Bernardino,USGS,343723117205501,GW,2013-06-27,08:31,PDT,16.26,NULL,NULL,NULL,CA381,m,2,S,R,A,34.62304678,-117.3494918
San Bernardino County,71,San Bernardino,USGS,343839117210601,GW,2013-06-01,12:00,PST,25.99,NULL,NULL,NULL,CA381,m,2,S,R,A,34.64425,-117.351825
San Bernardino County,71,San Bernardino,USGS,343839117210601,GW,2013-06-15,12:00,PST,26.32,NULL,NULL,NULL,CA381,m,2,S,R,A,34.64425,-117.351825
San Bernardino County,71,San Bernardino,USGS,343839117210602,GW,2013-06-01,12:00,PST,25.16,NULL,NULL,NULL,CA381,m,2,S,R,A,34.64425,-117.351825
San Bernardino County,71,San Bernardino,USGS,343839117210602,GW,2013-06-15,12:00,PST,25.68,NULL,NULL,NULL,CA381,m,2,S,R,A,34.64425,-117.351825
San Bernardino County,71,San Bernardino,USGS,343839117210603,GW,2013-06-01,12:00,PST,24.6,NULL,NULL,NULL,CA381,m,2,S,R,A,34.64425,-117.351825
San Bernardino County,71,San Bernardino,USGS,343839117210603,GW,2013-06-15,12:00,PST,25.21,NULL,NULL,NULL,CA381,m,2,S,R,A,34.64425,-117.351825
San Bernardino County,71,San Bernardino,USGS,343839117210604,GW-MW,2013-06-01,12:00,PST,8.73,NULL,NULL,NULL,CA381,m,2,S,R,A,34.6443333,-117.351861
San Bernardino County,71,San Bernardino,USGS,343839117210604,GW-MW,2013-06-15,12:00,PST,8.92,NULL,NULL,NULL,CA381,m,2,S,R,A,34.6443333,-117.351861
San Bernardino County,71,San Bernardino,USGS,343839117210605,GW-MW,2013-06-01,12:00,PST,6.3,NULL,NULL,NULL,CA381,m,2,S,R,A,34.6443333,-117.351861
San Bernardino County,71,San Bernardino,USGS,343839117210605,GW-MW,2013-06-15,12:00,PST,6.55,NULL,NULL,NULL,CA381,m,2,S,R,A,34.6443333,-117.351861
San Bernardino County,71,San Bernardino,USGS,343840117212701,GW,2013-06-01,12:00,PST,6.55,NULL,NULL,NULL,CA381,m,2,S,R,A,34.6444347,-117.358381
San Bernardino County,71,San Bernardino,USGS,343840117212701,GW,2013-06-15,12:00,PST,6.7,NULL,NULL,NULL,CA381,m,2,S,R,A,34.6444347,-117.358381
San Bernardino County,71,San Bernardino,USGS,343840117212702,GW,2013-06-01,12:00,PST,6.58,NULL,NULL,NULL,CA381,m,2,S,R,A,34.6444347,-117.358381
San Bernardino County,71,San Bernardino,USGS,343840117212702,GW,2013-06-15,12:00,PST,6.74,NULL,NULL,NULL,CA381,m,2,S,R,A,34.6444347,-117.358381
San Bernardino County,71,San Bernardino,USGS,344028117210601,GW,2013-06-27,08:56,PDT,75.48,NULL,NULL,NULL,CA381,m,2,S,R,A,34.67443357,-117.3525479
San Bernardino County,71,San Bernardino,USGS,344028117210603,GW,2013-06-27,09:00,PDT,29.23,NULL,NULL,NULL,CA381,m,2,S,R,A,34.67443357,-117.3525479
San Bernardino County,71,San Bernardino,USGS,344028117210604,GW,2013-06-27,09:04,PDT,8.05,NULL,NULL,NULL,CA381,m,2,S,R,A,34.67443357,-117.3525479
San Bernardino County,71,San Bernardino,USGS,344028117211901,GW,2013-06-01,12:00,PST,27.48,NULL,NULL,NULL,CA381,m,2,S,R,A,34.67461667,-117.3555278
San Bernardino County,71,San Bernardino,USGS,344028117211901,GW,2013-06-15,12:00,PST,27.71,NULL,NULL,NULL,CA381,m,2,S,R,A,34.67461667,-117.3555278
San Bernardino County,71,San Bernardino,USGS,344028117212201,GW,2013-06-01,12:00,PST,4.91,NULL,NULL,NULL,CA381,m,2,S,R,A,34.67460278,-117.3561722
San Bernardino County,71,San Bernardino,USGS,344028117212201,GW,2013-06-15,12:00,PST,5.09,NULL,NULL,NULL,CA381,m,2,S,R,A,34.67460278,-117.3561722
San Bernardino County,71,San Bernardino,USGS,344030117201101,GW,2013-06-01,12:00,PST,70.89,NULL,NULL,NULL,CA381,m,2,S,R,A,34.67502778,-117.337611
San Bernardino County,71,San Bernardino,USGS,344030117201101,GW,2013-06-15,12:00,PST,71.45,NULL,NULL,NULL,CA381,m,2,S,R,A,34.67502778,-117.337611
San Bernardino County,71,San Bernardino,USGS,344030117201102,GW,2013-06-01,12:00,PST,79.74,NULL,NULL,NULL,CA381,m,2,S,R,A,34.6749892,-117.3372697
San Bernardino County,71,San Bernardino,USGS,344030117201102,GW,2013-06-15,12:00,PST,79.97,NULL,NULL,NULL,CA381,m,2,S,R,A,34.6749892,-117.3372697
San Bernardino County,71,San Bernardino,USGS,344030117201103,GW,2013-06-01,12:00,PST,84.25,NULL,NULL,NULL,CA381,m,2,S,R,A,34.6749892,-117.3372697
San Bernardino County,71,San Bernardino,USGS,344030117201103,GW,2013-06-15,12:00,PST,84.4,NULL,NULL,NULL,CA381,m,2,S,R,A,34.6749892,-117.3372697
San Bernardino County,71,San Bernardino,USGS,344030117205701,GW,2013-06-27,08:47,PDT,4.39,NULL,NULL,NULL,CA381,m,2,S,R,A,34.6749891,-117.3500478
San Bernardino County,71,San Bernardino,USGS,344036117215201,GW,2013-06-27,10:39,PDT,287.22,NULL,NULL,NULL,CA381,m,2,S,R,A,34.67665559,-117.365326
San Bernardino County,71,San Bernardino,USGS,344036117215202,GW,2013-06-27,10:47,PDT,287.87,NULL,NULL,NULL,CA381,m,2,S,R,A,34.67665559,-117.365326
San Bernardino County,71,San Bernardino,USGS,344036117215203,GW,2013-06-27,10:56,PDT,238.63,NULL,NULL,NULL,CA381,m,2,S,R,A,34.67665559,-117.365326
San Bernardino County,71,San Bernardino,USGS,344159117205701,GW,2013-06-01,12:00,PST,15.18,NULL,NULL,NULL,CA381,m,2,S,R,A,34.69971034,-117.350048
San Bernardino County,71,San Bernardino,USGS,344159117205701,GW,2013-06-15,12:00,PST,15.56,NULL,NULL,NULL,CA381,m,2,S,R,A,34.69971034,-117.350048
San Bernardino County,71,San Bernardino,USGS,344159117205702,GW,2013-06-01,12:00,PST,3.87,NULL,NULL,NULL,CA381,m,2,S,R,A,34.69971034,-117.350048
San Bernardino County,71,San Bernardino,USGS,344159117205702,GW,2013-06-15,12:00,PST,3.92,NULL,NULL,NULL,CA381,m,2,S,R,A,34.69971034,-117.350048
San Bernardino County,71,San Bernardino,USGS,344200117205001,GW,2013-06-27,11:33,PDT,5.81,NULL,NULL,NULL,CA381,m,2,S,R,A,34.6999881,-117.3481035
San Bernardino County,71,San Bernardino,USGS,344333117202301,GW,2013-06-01,12:00,PST,9.97,NULL,NULL,NULL,CA381,m,2,S,R,A,34.72591667,-117.33975
San Bernardino County,71,San Bernardino,USGS,344333117202301,GW,2013-06-15,12:00,PST,10.26,NULL,NULL,NULL,CA381,m,2,S,R,A,34.72591667,-117.33975
San Bernardino County,71,San Bernardino,USGS,344333117225902,GW,2013-06-01,12:00,PST,96.32,NULL,NULL,NULL,CA381,m,2,S,R,A,34.7260222,-117.3832222
San Bernardino County,71,San Bernardino,USGS,344333117225902,GW,2013-06-15,12:00,PST,96.32,NULL,NULL,NULL,CA381,m,2,S,R,A,34.7260222,-117.3832222
San Bernardino County,71,San Bernardino,USGS,344333117225903,GW,2013-06-01,12:00,PST,94.63,NULL,NULL,NULL,CA381,m,2,S,R,A,34.7260222,-117.3832222
San Bernardino County,71,San Bernardino,USGS,344333117225903,GW,2013-06-15,12:00,PST,94.64,NULL,NULL,NULL,CA381,m,2,S,R,A,34.7260222,-117.3832222
San Bernardino County,71,San Bernardino,USGS,344524117193401,GW,2013-06-01,12:00,PST,11.72,NULL,NULL,NULL,CA381,m,2,S,R,A,34.75665264,-117.3269922
San Bernardino County,71,San Bernardino,USGS,344524117193401,GW,2013-06-15,12:00,PST,11.75,NULL,NULL,NULL,CA381,m,2,S,R,A,34.75665264,-117.3269922
San Bernardino County,71,San Bernardino,USGS,344524117193402,GW,2013-06-01,12:00,PST,11.84,NULL,NULL,NULL,CA381,m,2,S,R,A,34.75665264,-117.3269922
San Bernardino County,71,San Bernardino,USGS,344524117193402,GW,2013-06-15,12:00,PST,11.87,NULL,NULL,NULL,CA381,m,2,S,R,A,34.75665264,-117.3269922
San Bernardino County,71,San Bernardino,USGS,344524117193403,GW,2013-06-01,12:00,PST,11.82,NULL,NULL,NULL,CA381,m,2,S,R,A,34.75665264,-117.3269922
San Bernardino County,71,San Bernardino,USGS,344524117193403,GW,2013-06-15,12:00,PST,11.9,NULL,NULL,NULL,CA381,m,2,S,R,A,34.75665264,-117.3269922
San Bernardino County,71,San Bernardino,USGS,344524117193404,GW,2013-06-01,12:00,PST,9.8,NULL,NULL,NULL,CA381,m,2,S,R,A,34.75665264,-117.3269922
San Bernardino County,71,San Bernardino,USGS,344524117193404,GW,2013-06-15,12:00,PST,9.98,NULL,NULL,NULL,CA381,m,2,S,R,A,34.75665264,-117.3269922
San Bernardino County,71,San Bernardino,USGS,344609117182901,GW,2013-06-27,09:59,PDT,10.54,NULL,NULL,NULL,CA381,m,2,S,R,A,34.76915229,-117.3089363
San Bernardino County,71,San Bernardino,USGS,344609117182902,GW,2013-06-27,10:05,PDT,8.75,NULL,NULL,NULL,CA381,m,2,S,R,A,34.76915229,-117.3089363
San Bernardino County,71,San Bernardino,USGS,344609117182903,GW,2013-06-27,10:09,PDT,4.28,NULL,NULL,NULL,CA381,m,2,S,R,A,34.76915229,-117.3089363
San Bernardino County,71,San Bernardino,USGS,344609117182904,GW,2013-06-27,10:15,PDT,7.5,NULL,NULL,NULL,CA381,m,2,S,R,A,34.76915229,-117.3089363
San Bernardino County,71,San Bernardino,USGS,344611117200801,GW,2013-06-27,09:33,PDT,64.7,NULL,NULL,NULL,CA381,m,2,S,R,A,34.76970768,-117.3364371
San Bernardino County,71,San Bernardino,USGS,344611117200802,GW,2013-06-27,09:38,PDT,64.69,NULL,NULL,NULL,CA381,m,2,S,R,A,34.76970768,-117.3364371
San Bernardino County,71,San Bernardino,USGS,344611117200803,GW,2013-06-27,09:43,PDT,63.98,NULL,NULL,NULL,CA381,m,2,S,R,A,34.76970768,-117.3364371
San Bernardino County,71,San Bernardino,USGS,344611117200804,GW,2013-06-27,09:48,PDT,64.26,NULL,NULL,NULL,CA381,m,2,S,R,A,34.76970768,-117.3364371
San Bernardino County,71,San Bernardino,USGS,345104116384001,GW,2013-06-01,12:00,PST,126.55,NULL,NULL,NULL,CA381,m,2,S,R,A,34.85109857,-116.6453078
San Bernardino County,71,San Bernardino,USGS,345104116384001,GW,2013-06-15,12:00,PST,126.43,NULL,NULL,NULL,CA381,m,2,S,R,A,34.85109857,-116.6453078
San Bernardino County,71,San Bernardino,USGS,345104116384002,GW,2013-06-01,12:00,PST,126.58,NULL,NULL,NULL,CA381,m,2,S,R,A,34.85109857,-116.6453078
San Bernardino County,71,San Bernardino,USGS,345104116384002,GW,2013-06-15,12:00,PST,126.46,NULL,NULL,NULL,CA381,m,2,S,R,A,34.85109857,-116.6453078
San Bernardino County,71,San Bernardino,USGS,345104116384003,GW,2013-06-01,12:00,PST,132.07,NULL,NULL,NULL,CA381,m,2,S,R,A,34.85109857,-116.6453078
San Bernardino County,71,San Bernardino,USGS,345104116384003,GW,2013-06-15,12:00,PST,130.98,NULL,NULL,NULL,CA381,m,2,S,R,A,34.85109857,-116.6453078
San Bernardino County,71,San Bernardino,USGS,345104116384004,GW,2013-06-25,10:25,PDT,NULL,NULL,NULL,D,CA381,m,NULL,S,R,A,34.85109857,-116.6453078
San Bernardino County,71,San Bernardino,USGS,345116117111601,GW-MW,2013-06-01,12:00,PST,41.9,NULL,NULL,NULL,CA381,m,2,S,R,A,34.8546111,-117.1880278
San Bernardino County,71,San Bernardino,USGS,345116117111601,GW-MW,2013-06-15,12:00,PST,42.37,NULL,NULL,NULL,CA381,m,2,S,R,A,34.8546111,-117.1880278
San Bernardino County,71,San Bernardino,USGS,345116117111602,GW-MW,2013-06-01,12:00,PST,42.0,NULL,NULL,NULL,CA381,m,2,S,R,A,34.8546111,-117.1880278
San Bernardino County,71,San Bernardino,USGS,345116117111602,GW-MW,2013-06-15,12:00,PST,42.46,NULL,NULL,NULL,CA381,m,2,S,R,A,34.8546111,-117.1880278
San Bernardino County,71,San Bernardino,USGS,345124117094301,GW,2013-06-26,12:06,PDT,55.91,NULL,NULL,NULL,CA381,m,2,S,R,A,34.85665,-117.1628218
San Bernardino County,71,San Bernardino,USGS,345124117094302,GW,2013-06-26,12:17,PDT,42.04,NULL,NULL,NULL,CA381,m,2,S,R,A,34.85665,-117.1628218
San Bernardino County,71,San Bernardino,USGS,345124117094303,GW,2013-06-26,12:23,PDT,54.36,NULL,NULL,NULL,CA381,m,2,S,R,A,34.85665,-117.1628218
San Bernardino County,71,San Bernardino,USGS,345124117094304,GW,2013-06-26,12:28,PDT,55.46,NULL,NULL,NULL,CA381,m,2,S,R,A,34.85665,-117.1628218
San Bernardino County,71,San Bernardino,USGS,345126117091101,GW,2013-06-26,11:33,PDT,70.98,NULL,NULL,NULL,CA381,m,2,S,R,A,34.8572056,-117.1539327
San Bernardino County,71,San Bernardino,USGS,345136117101201,GW,2013-06-01,12:00,PST,51.53,NULL,NULL,NULL,CA381,m,2,S,R,A,34.85998318,-117.1708776
San Bernardino County,71,San Bernardino,USGS,345136117101201,GW,2013-06-15,12:00,PST,51.68,NULL,NULL,NULL,CA381,m,2,S,R,A,34.85998318,-117.1708776
San Bernardino County,71,San Bernardino,USGS,345146117094301,GW,2013-06-26,12:40,PDT,61.1,NULL,NULL,NULL,CA381,m,2,S,R,A,34.8627609,-117.1628219
San Bernardino County,71,San Bernardino,USGS,345157117101201,GW,2013-06-26,14:33,PDT,55.39,NULL,NULL,NULL,CA381,m,2,S,R,A,34.86581629,-117.1708777
San Bernardino County,71,San Bernardino,USGS,345224116525702,GW,2013-06-01,12:00,PST,148.9,NULL,NULL,NULL,CA381,m,2,S,R,A,34.87331847,-116.8833698
San Bernardino County,71,San Bernardino,USGS,345224116525702,GW,2013-06-15,12:00,PST,149.21,NULL,NULL,NULL,CA381,m,2,S,R,A,34.87331847,-116.8833698
San Bernardino County,71,San Bernardino,USGS,345224116525703,GW,2013-06-01,12:00,PST,148.78,NULL,NULL,NULL,CA381,m,2,S,R,A,34.87331847,-116.8833698
San Bernardino County,71,San Bernardino,USGS,345224116525703,GW,2013-06-15,12:00,PST,149.09,NULL,NULL,NULL,CA381,m,2,S,R,A,34.87331847,-116.8833698
San Bernardino County,71,San Bernardino,USGS,345224116525704,GW,2013-06-25,13:30,PDT,148.85,NULL,NULL,NULL,CA381,m,2,S,R,A,34.87331847,-116.8833698
San Bernardino County,71,San Bernardino,USGS,345242116562101,GW,2013-06-01,12:00,PST,23.56,NULL,NULL,NULL,CA381,m,2,S,R,A,34.87831758,-116.9400379
San Bernardino County,71,San Bernardino,USGS,345242116562101,GW,2013-06-15,12:00,PST,23.68,NULL,NULL,NULL,CA381,m,2,S,R,A,34.87831758,-116.9400379
San Bernardino County,71,San Bernardino,USGS,345242116562102,GW,2013-06-01,12:00,PST,18.13,NULL,NULL,NULL,CA381,m,2,S,R,A,34.87831758,-116.9400379
San Bernardino County,71,San Bernardino,USGS,345242116562102,GW,2013-06-15,12:00,PST,18.35,NULL,NULL,NULL,CA381,m,2,S,R,A,34.87831758,-116.9400379
San Bernardino County,71,San Bernardino,USGS,345242116562103,GW,2013-06-01,12:00,PST,17.84,NULL,NULL,NULL,CA381,m,2,S,R,A,34.87831758,-116.9400379
San Bernardino County,71,San Bernardino,USGS,345242116562103,GW,2013-06-15,12:00,PST,18.07,NULL,NULL,NULL,CA381,m,2,S,R,A,34.87831758,-116.9400379
San Bernardino County,71,San Bernardino,USGS,345242116562104,GW,2013-06-01,12:00,PST,17.4,NULL,NULL,NULL,CA381,m,2,S,R,A,34.87831758,-116.9400379
San Bernardino County,71,San Bernardino,USGS,345242116562104,GW,2013-06-15,12:00,PST,17.63,NULL,NULL,NULL,CA381,m,2,S,R,A,34.87831758,-116.9400379
San Bernardino County,71,San Bernardino,USGS,345251116560601,GW,2013-06-01,12:00,PST,15.83,NULL,NULL,NULL,CA381,m,2,S,R,A,34.88081754,-116.9358712
San Bernardino County,71,San Bernardino,USGS,345251116560601,GW,2013-06-15,12:00,PST,15.89,NULL,NULL,NULL,CA381,m,2,S,R,A,34.88081754,-116.9358712
San Bernardino County,71,San Bernardino,USGS,345251116560602,GW,2013-06-01,12:00,PST,15.94,NULL,NULL,NULL,CA381,m,2,S,R,A,34.88081754,-116.9358712
San Bernardino County,71,San Bernardino,USGS,345251116560602,GW,2013-06-15,12:00,PST,16.06,NULL,NULL,NULL,CA381,m,2,S,R,A,34.88081754,-116.9358712
San Bernardino County,71,San Bernardino,USGS,345251116560604,GW,2013-06-01,12:00,PST,15.45,NULL,NULL,NULL,CA381,m,2,S,R,A,34.88081754,-116.9358712
San Bernardino County,71,San Bernardino,USGS,345251116560604,GW,2013-06-15,12:00,PST,15.66,NULL,NULL,NULL,CA381,m,2,S,R,A,34.88081754,-116.9358712
San Bernardino County,71,San Bernardino,USGS,345251116574201,GW,2013-06-25,14:55,PDT,15.1,NULL,NULL,NULL,CA381,m,2,S,R,A,34.8808172,-116.9625385
San Bernardino County,71,San Bernardino,USGS,345251116574202,GW,2013-06-25,14:59,PDT,16.31,NULL,NULL,NULL,CA381,m,2,S,R,A,34.8808172,-116.9625385
San Bernardino County,71,San Bernardino,USGS,345251116574203,GW,2013-06-25,15:03,PDT,14.76,NULL,NULL,NULL,CA381,m,2,S,R,A,34.8808172,-116.9625385
San Bernardino County,71,San Bernardino,USGS,345251116574204,GW,2013-06-25,15:08,PDT,14.44,NULL,NULL,NULL,CA381,m,2,S,R,A,34.8808172,-116.9625385
San Bernardino County,71,San Bernardino,USGS,345254116570401,GW,2013-06-25,14:27,PDT,7.25,NULL,NULL,NULL,CA381,m,2,S,R,A,34.88165064,-116.9519827
San Bernardino County,71,San Bernardino,USGS,345254116570402,GW,2013-06-25,14:32,PDT,10.08,NULL,NULL,NULL,CA381,m,2,S,R,A,34.88165064,-116.9519827
San Bernardino County,71,San Bernardino,USGS,345254116570403,GW,2013-06-25,14:37,PDT,8.64,NULL,NULL,NULL,CA381,m,2,S,R,A,34.88165064,-116.9519827
San Bernardino County,71,San Bernardino,USGS,345254116570404,GW,2013-06-25,14:40,PDT,8.68,NULL,NULL,NULL,CA381,m,2,S,R,A,34.88165064,-116.9519827
San Bernardino County,71,San Bernardino,USGS,345259116514201,GW,2013-06-25,12:13,PDT,170.16,NULL,NULL,NULL,CA381,m,2,S,R,A,34.8830406,-116.8625359
San Bernardino County,71,San Bernardino,USGS,345259116514202,GW,2013-06-25,12:20,PDT,170.58,NULL,NULL,NULL,CA381,m,2,S,R,A,34.8830406,-116.8625359
San Bernardino County,71,San Bernardino,USGS,345259116514203,GW,2013-06-25,12:30,PDT,170.53,NULL,NULL,NULL,CA381,m,2,S,R,A,34.8830406,-116.8625359
San Bernardino County,71,San Bernardino,USGS,345328116594301,GW,2013-06-26,08:34,PDT,18.2,NULL,NULL,NULL,CA381,m,2,S,R,A,34.89109415,-116.9961506
San Bernardino County,71,San Bernardino,USGS,345328116594302,GW,2013-06-26,08:40,PDT,26.57,NULL,NULL,NULL,CA381,m,2,S,R,A,34.89109415,-116.9961506
San Bernardino County,71,San Bernardino,USGS,345328116594303,GW,2013-06-26,08:44,PDT,40.16,NULL,NULL,NULL,CA381,m,2,S,R,A,34.89109415,-116.9961506
San Bernardino County,71,San Bernardino,USGS,345328116594304,GW,2013-06-26,08:50,PDT,48.98,NULL,NULL,NULL,CA381,m,2,S,R,A,34.89109415,-116.9961506
San Bernardino County,71,San Bernardino,USGS,345339116584501,GW,2013-06-25,15:22,PDT,8.76,NULL,NULL,NULL,CA381,m,2,S,R,A,34.8941498,-116.980039
San Bernardino County,71,San Bernardino,USGS,345339116584502,GW,2013-06-25,15:27,PDT,10.79,NULL,NULL,NULL,CA381,m,2,S,R,A,34.8941498,-116.980039
San Bernardino County,71,San Bernardino,USGS,345339116584503,GW,2013-06-25,15:31,PDT,10.89,NULL,NULL,NULL,CA381,m,2,S,R,A,34.8941498,-116.980039
San Bernardino County,71,San Bernardino,USGS,345341117082101,GW,2013-06-26,09:50,PDT,79.23,NULL,NULL,NULL,CA381,m,2,S,R,A,34.89470429,-117.1400437
San Bernardino County,71,San Bernardino,USGS,345341117082102,GW,2013-06-26,09:56,PDT,77.68,NULL,NULL,NULL,CA381,m,2,S,R,A,34.89470429,-117.1400437
San Bernardino County,71,San Bernardino,USGS,345341117082103,GW,2013-06-26,10:02,PDT,74.71,NULL,NULL,NULL,CA381,m,2,S,R,A,34.89470429,-117.1400437
San Bernardino County,71,San Bernardino,USGS,345345117074901,GW,2013-06-26,10:24,PDT,59.27,NULL,NULL,NULL,CA381,m,2,S,R,A,34.8958154,-117.1311545
San Bernardino County,71,San Bernardino,USGS,345347117074101,GW,2013-06-26,10:45,PDT,59.78,NULL,NULL,NULL,CA381,m,2,S,R,A,34.89637095,-117.1289323
San Bernardino County,71,San Bernardino,USGS,345350117074001,GW,2013-06-01,12:00,PST,62.79,NULL,NULL,NULL,CA381,m,2,S,R,A,34.89720426,-117.1286545
San Bernardino County,71,San Bernardino,USGS,345350117074001,GW,2013-06-15,12:00,PST,63.23,NULL,NULL,NULL,CA381,m,2,S,R,A,34.89720426,-117.1286545
San Bernardino County,71,San Bernardino,USGS,345350117074002,GW,2013-06-01,12:00,PST,60.9,NULL,NULL,NULL,CA381,m,2,S,R,A,34.89720426,-117.1286545
San Bernardino County,71,San Bernardino,USGS,345350117074002,GW,2013-06-15,12:00,PST,61.36,NULL,NULL,NULL,CA381,m,2,S,R,A,34.89720426,-117.1286545
San Bernardino County,71,San Bernardino,USGS,345350117074003,GW,2013-06-01,12:00,PST,60.46,NULL,NULL,NULL,CA381,m,2,S,R,A,34.89720426,-117.1286545
San Bernardino County,71,San Bernardino,USGS,345350117074003,GW,2013-06-15,12:00,PST,61.0,NULL,NULL,NULL,CA381,m,2,S,R,A,34.89720426,-117.1286545
San Bernardino County,71,San Bernardino,USGS,345350117074004,GW,2013-06-26,10:35,PDT,NULL,NULL,NULL,D,CA381,m,NULL,S,R,A,34.89720426,-117.1286545
San Bernardino County,71,San Bernardino,USGS,345351116593302,GW,2013-06-26,07:58,PDT,30.29,NULL,NULL,NULL,CA381,m,2,S,R,A,34.8974828,-116.9933727
San Bernardino County,71,San Bernardino,USGS,345351116593303,GW,2013-06-26,08:05,PDT,30.73,NULL,NULL,NULL,CA381,m,2,S,R,A,34.8974828,-116.9933727
San Bernardino County,71,San Bernardino,USGS,345351116593304,GW,2013-06-26,08:10,PDT,30.45,NULL,NULL,NULL,CA381,m,2,S,R,A,34.8974828,-116.9933727
San Bernardino County,71,San Bernardino,USGS,345356116523001,GW,2013-06-25,12:58,PDT,179.8,NULL,NULL,NULL,CA381,m,2,S,R,A,34.8988732,-116.8758697
San Bernardino County,71,San Bernardino,USGS,345356116523002,GW,2013-06-25,13:05,PDT,179.23,NULL,NULL,NULL,CA381,m,2,S,R,A,34.8988732,-116.8758697
San Bernardino County,71,San Bernardino,USGS,345356116523003,GW,2013-06-25,13:13,PDT,174.02,NULL,NULL,NULL,CA381,m,2,S,R,A,34.8988732,-116.8758697
San Bernardino County,71,San Bernardino,USGS,345402117070401,GW,2013-06-26,11:05,PDT,67.36,NULL,NULL,NULL,CA381,m,2,S,R,A,34.9005375,-117.1186542
San Bernardino County,71,San Bernardino,USGS,345404116451801,GW,2013-06-01,12:00,PST,80.0,NULL,NULL,NULL,CA381,m,2,S,R,A,34.90109695,-116.7558666
San Bernardino County,71,San Bernardino,USGS,345404116451801,GW,2013-06-15,12:00,PST,80.17,NULL,NULL,NULL,CA381,m,2,S,R,A,34.90109695,-116.7558666
San Bernardino County,71,San Bernardino,USGS,345404116451803,GW,2013-06-01,12:00,PST,78.59,NULL,NULL,NULL,CA381,m,2,S,R,A,34.90109695,-116.7558666
San Bernardino County,71,San Bernardino,USGS,345404116451803,GW,2013-06-15,12:00,PST,78.7,NULL,NULL,NULL,CA381,m,2,S,R,A,34.90109695,-116.7558666
San Bernardino County,71,San Bernardino,USGS,345404116451804,GW,2013-06-01,12:00,PST,76.96,NULL,NULL,NULL,CA381,m,2,S,R,A,34.90109695,-116.7558666
San Bernardino County,71,San Bernardino,USGS,345404116451804,GW,2013-06-15,12:00,PST,77.04,NULL,NULL,NULL,CA381,m,2,S,R,A,34.90109695,-116.7558666
San Bernardino County,71,San Bernardino,USGS,345404116451805,GW,2013-06-25,11:33,PDT,NULL,NULL,NULL,D,CA381,m,NULL,S,R,A,34.90109695,-116.7558666
San Bernardino County,71,San Bernardino,USGS,345406117044001,GW,2013-06-01,12:00,PST,55.84,NULL,NULL,NULL,CA381,m,2,S,R,A,34.9016488,-117.078653
San Bernardino County,71,San Bernardino,USGS,345406117044001,GW,2013-06-15,12:00,PST,56.04,NULL,NULL,NULL,CA381,m,2,S,R,A,34.9016488,-117.078653
San Bernardino County,71,San Bernardino,USGS,345406117044002,GW,2013-06-01,12:00,PST,55.93,NULL,NULL,NULL,CA381,m,2,S,R,A,34.9016488,-117.078653
San Bernardino County,71,San Bernardino,USGS,345406117044002,GW,2013-06-15,12:00,PST,56.14,NULL,NULL,NULL,CA381,m,2,S,R,A,34.9016488,-117.078653
San Bernardino County,71,San Bernardino,USGS,345406117044003,GW,2013-06-01,12:00,PST,55.17,NULL,NULL,NULL,CA381,m,2,S,R,A,34.9016488,-117.078653
San Bernardino County,71,San Bernardino,USGS,345406117044003,GW,2013-06-15,12:00,PST,55.36,NULL,NULL,NULL,CA381,m,2,S,R,A,34.9016488,-117.078653
San Bernardino County,71,San Bernardino,USGS,345407117034701,GW,2013-06-26,09:24,PDT,57.11,NULL,NULL,NULL,CA381,m,2,S,R,A,34.90192665,-117.0639304
San Bernardino County,71,San Bernardino,USGS,345416116451601,GW,2013-06-01,12:00,PST,140.61,NULL,NULL,NULL,CA381,m,2,S,R,A,34.90443019,-116.755311
San Bernardino County,71,San Bernardino,USGS,345416116451601,GW,2013-06-15,12:00,PST,140.61,NULL,NULL,NULL,CA381,m,2,S,R,A,34.90443019,-116.755311
San Bernardino County,71,San Bernardino,USGS,345416116451602,GW,2013-06-01,12:00,PST,140.93,NULL,NULL,NULL,CA381,m,2,S,R,A,34.90443019,-116.755311
San Bernardino County,71,San Bernardino,USGS,345416116451602,GW,2013-06-15,12:00,PST,140.92,NULL,NULL,NULL,CA381,m,2,S,R,A,34.90443019,-116.755311
San Bernardino County,71,San Bernardino,USGS,345416116451603,GW,2013-06-01,12:00,PST,138.61,NULL,NULL,NULL,CA381,m,2,S,R,A,34.90443019,-116.755311
San Bernardino County,71,San Bernardino,USGS,345416116451603,GW,2013-06-15,12:00,PST,138.66,NULL,NULL,NULL,CA381,m,2,S,R,A,34.90443019,-116.755311
San Bernardino County,71,San Bernardino,USGS,345421117035301,GW,2013-06-26,09:14,PDT,59.43,NULL,NULL,NULL,CA381,m,2,S,R,A,34.90581538,-117.065597
San Bernardino County,71,San Bernardino,USGS,345421117035302,GW,2013-06-26,09:18,PDT,NULL,NULL,NULL,D,CA381,m,NULL,S,R,A,34.90581538,-117.065597
San Bernardino County,71,San Bernardino,USGS,345448117075101,GW,2013-06-26,10:14,PDT,64.91,NULL,NULL,NULL,CA381,m,2,S,R,A,34.8966487,-117.1317101
San Bernardino County,71,San Bernardino,USGS,345542116383901,GW,2013-06-01,12:00,PST,54.75,NULL,NULL,NULL,CA381,m,2,S,R,A,34.9283187,-116.6450302
San Bernardino County,71,San Bernardino,USGS,345542116383901,GW,2013-06-15,12:00,PST,54.46,NULL,NULL,NULL,CA381,m,2,S,R,A,34.9283187,-116.6450302
San Bernardino County,71,San Bernardino,USGS,345542116383902,GW,2013-06-01,12:00,PST,56.25,NULL,NULL,NULL,CA381,m,2,S,R,A,34.9283187,-116.6450302
San Bernardino County,71,San Bernardino,USGS,345542116383902,GW,2013-06-15,12:00,PST,56.28,NULL,NULL,NULL,CA381,m,2,S,R,A,34.9283187,-116.6450302
San Bernardino County,71,San Bernardino,USGS,345542116383903,GW,2013-06-01,12:00,PST,53.71,NULL,NULL,NULL,CA381,m,2,S,R,A,34.9283187,-116.6450302
San Bernardino County,71,San Bernardino,USGS,345542116383903,GW,2013-06-15,12:00,PST,55.49,NULL,NULL,NULL,CA381,m,2,S,R,A,34.9283187,-116.6450302
San Bernardino County,71,San Bernardino,USGS,345542116383904,GW,2013-06-01,12:00,PST,51.08,NULL,NULL,NULL,CA381,m,2,S,R,A,34.9283187,-116.6450302
San Bernardino County,71,San Bernardino,USGS,345542116383904,GW,2013-06-15,12:00,PST,51.62,NULL,NULL,NULL,CA381,m,2,S,R,A,34.9283187,-116.6450302
San Bernardino County,71,San Bernardino,USGS,345549116373701,GW,2013-06-25,09:44,PDT,NULL,NULL,NULL,D,CA381,m,NULL,S,R,A,34.93026317,-116.6278075
San Bernardino County,71,San Bernardino,USGS,345549116380001,GW,2013-06-01,12:00,PST,33.14,NULL,NULL,NULL,CA381,m,2,S,R,A,34.93019167,-116.6332972
San Bernardino County,71,San Bernardino,USGS,345549116380001,GW,2013-06-15,12:00,PST,33.33,NULL,NULL,NULL,CA381,m,2,S,R,A,34.93019167,-116.6332972
San Bernardino County,71,San Bernardino,USGS,345601116374401,GW,2013-06-01,12:00,PST,26.33,NULL,NULL,NULL,CA381,m,2,S,R,A,34.93349167,-116.6289056
San Bernardino County,71,San Bernardino,USGS,345601116374401,GW,2013-06-15,12:00,PST,26.41,NULL,NULL,NULL,CA381,m,2,S,R,A,34.93349167,-116.6289056
San Bernardino County,71,San Bernardino,USGS,345605116371301,GW,2013-06-01,12:00,PST,26.17,NULL,NULL,NULL,CA381,m,2,S,R,A,34.93469444,-116.6201472
San Bernardino County,71,San Bernardino,USGS,345605116371301,GW,2013-06-15,12:00,PST,27.54,NULL,NULL,NULL,CA381,m,2,S,R,A,34.93469444,-116.6201472
San Bernardino County,71,San Bernardino,USGS,345605116371302,GW,2013-06-01,12:00,PST,23.47,NULL,NULL,NULL,CA381,m,2,S,R,A,34.9346861,-116.6201806
San Bernardino County,71,San Bernardino,USGS,345605116371302,GW,2013-06-15,12:00,PST,23.53,NULL,NULL,NULL,CA381,m,2,S,R,A,34.9346861,-116.6201806
San Bernardino County,71,San Bernardino,USGS,345606116364801,GW,2013-06-01,12:00,PST,40.1,NULL,NULL,NULL,CA381,m,2,S,R,A,34.93502778,-116.6133389
San Bernardino County,71,San Bernardino,USGS,345606116364801,GW,2013-06-15,12:00,PST,27.77,NULL,NULL,NULL,CA381,m,2,S,R,A,34.93502778,-116.6133389
San Bernardino County,71,San Bernardino,USGS,345606116364802,GW,2013-06-01,12:00,PST,36.31,NULL,NULL,NULL,CA381,m,2,S,R,A,34.9350111,-116.6133306
San Bernardino County,71,San Bernardino,USGS,345606116364802,GW,2013-06-15,12:00,PST,26.43,NULL,NULL,NULL,CA381,m,2,S,R,A,34.9350111,-116.6133306
San Bernardino County,71,San Bernardino,USGS,345606116364803,GW,2013-06-01,12:00,PST,28.69,NULL,NULL,NULL,CA381,m,2,S,R,A,34.93526944,-116.613325
San Bernardino County,71,San Bernardino,USGS,345606116364803,GW,2013-06-15,12:00,PST,25.42,NULL,NULL,NULL,CA381,m,2,S,R,A,34.93526944,-116.613325
San Bernardino County,71,San Bernardino,USGS,345610116360001,GW,2013-06-01,12:00,PST,16.68,NULL,NULL,NULL,CA381,m,2,S,R,A,34.9362111,-116.5998722
San Bernardino County,71,San Bernardino,USGS,345610116360001,GW,2013-06-15,12:00,PST,16.87,NULL,NULL,NULL,CA381,m,2,S,R,A,34.9362111,-116.5998722
San Bernardino County,71,San Bernardino,USGS,345610116372201,GW,2013-06-01,12:00,PST,18.08,NULL,NULL,NULL,CA381,m,2,S,R,A,34.93617778,-116.6228944
San Bernardino County,71,San Bernardino,USGS,345610116372201,GW,2013-06-15,12:00,PST,18.17,NULL,NULL,NULL,CA381,m,2,S,R,A,34.93617778,-116.6228944
San Bernardino County,71,San Bernardino,USGS,345611116370001,GW,2013-06-01,12:00,PST,13.19,NULL,NULL,NULL,CA381,m,2,S,R,A,34.9365,-116.6167528
San Bernardino County,71,San Bernardino,USGS,345611116370001,GW,2013-06-15,12:00,PST,13.3,NULL,NULL,NULL,CA381,m,2,S,R,A,34.9365,-116.6167528
San Bernardino County,71,San Bernardino,USGS,345614116364601,GW,2013-06-01,12:00,PST,8.85,NULL,NULL,NULL,CA381,m,2,S,R,A,34.93709444,-116.612836
San Bernardino County,71,San Bernardino,USGS,345614116364601,GW,2013-06-15,12:00,PST,8.87,NULL,NULL,NULL,CA381,m,2,S,R,A,34.93709444,-116.612836
San Bernardino County,71,San Bernardino,USGS,345616116362701,GW,2013-06-01,12:00,PST,6.57,NULL,NULL,NULL,CA381,m,2,S,R,A,34.93778056,-116.607636
San Bernardino County,71,San Bernardino,USGS,345616116362701,GW,2013-06-15,12:00,PST,6.82,NULL,NULL,NULL,CA381,m,2,S,R,A,34.93778056,-116.607636
San Bernardino County,71,San Bernardino,USGS,345618116360901,GW,2013-06-01,12:00,PST,9.44,NULL,NULL,NULL,CA381,m,2,S,R,A,34.93845278,-116.6025694
San Bernardino County,71,San Bernardino,USGS,345618116360901,GW,2013-06-15,12:00,PST,9.87,NULL,NULL,NULL,CA381,m,2,S,R,A,34.93845278,-116.6025694
San Bernardino County,71,San Bernardino,USGS,345620116352301,GW,2013-06-01,12:00,PST,30.5,NULL,NULL,NULL,CA381,m,2,S,R,A,34.93880278,-116.5896889
San Bernardino County,71,San Bernardino,USGS,345620116352301,GW,2013-06-15,12:00,PST,30.58,NULL,NULL,NULL,CA381,m,2,S,R,A,34.93880278,-116.5896889
San Bernardino County,71,San Bernardino,USGS,345624116354801,GW,2013-06-01,12:00,PST,10.7,NULL,NULL,NULL,CA381,m,2,S,R,A,34.9400972,-116.5966083
San Bernardino County,71,San Bernardino,USGS,345624116354801,GW,2013-06-15,12:00,PST,10.94,NULL,NULL,NULL,CA381,m,2,S,R,A,34.9400972,-116.5966083
San Bernardino County,71,San Bernardino,USGS,345629116362902,GW,2013-06-01,12:00,PST,6.9,NULL,NULL,NULL,CA381,m,2,S,R,A,34.94141389,-116.6080139
San Bernardino County,71,San Bernardino,USGS,345629116362902,GW,2013-06-15,12:00,PST,6.96,NULL,NULL,NULL,CA381,m,2,S,R,A,34.94141389,-116.6080139
San Bernardino County,71,San Bernardino,USGS,345629116362903,GW,2013-06-01,12:00,PST,11.63,NULL,NULL,NULL,CA381,m,2,S,R,A,34.9414083,-116.6080278
San Bernardino County,71,San Bernardino,USGS,345629116362903,GW,2013-06-15,12:00,PST,11.91,NULL,NULL,NULL,CA381,m,2,S,R,A,34.9414083,-116.6080278
San Bernardino County,71,San Bernardino,USGS,345631116541401,GW,2013-06-25,07:44,PDT,275.73,NULL,NULL,NULL,CA381,m,2,S,R,A,34.9419268,-116.9047595
San Bernardino County,71,San Bernardino,USGS,345631116541402,GW,2013-06-25,07:54,PDT,275.69,NULL,NULL,NULL,CA381,m,2,S,R,A,34.9419268,-116.9047595
San Bernardino County,71,San Bernardino,USGS,345633116352901,GW,2013-06-01,12:00,PST,12.52,NULL,NULL,NULL,CA381,m,2,S,R,A,34.94256389,-116.5914167
San Bernardino County,71,San Bernardino,USGS,345633116352901,GW,2013-06-15,12:00,PST,12.67,NULL,NULL,NULL,CA381,m,2,S,R,A,34.94256389,-116.5914167
San Bernardino County,71,San Bernardino,USGS,345641116351201,GW,2013-06-01,12:00,PST,11.68,NULL,NULL,NULL,CA381,m,2,S,R,A,34.94476389,-116.5866889
San Bernardino County,71,San Bernardino,USGS,345641116351201,GW,2013-06-15,12:00,PST,12.05,NULL,NULL,NULL,CA381,m,2,S,R,A,34.94476389,-116.5866889
